{"name":null,"assets":"aoy4:pathy38:assets%2Fgraphics%2F1.5x%2Ffont-10.fnty4:sizei10687y4:typey4:TEXTy2:idR1y7:preloadtgoR0y38:assets%2Fgraphics%2F1.5x%2Ffont-10.pngR2i2851R3y5:IMAGER5R7R6tgoR0y41:assets%2Fgraphics%2F1.5x%2Fsprite-7-0.pngR2i4211R3R8R5R9R6tgoR0y41:assets%2Fgraphics%2F1.5x%2Fsprite-7-1.pngR2i5051R3R8R5R10R6tgoR0y41:assets%2Fgraphics%2F1.5x%2Fsprite-7-2.pngR2i1726R3R8R5R11R6tgoR0y40:assets%2Fgraphics%2F1.5x%2Ftileset-5.pngR2i49337R3R8R5R12R6tgoR0y36:assets%2Fgraphics%2F1x%2Ffont-10.fntR2i10683R3R4R5R13R6tgoR0y36:assets%2Fgraphics%2F1x%2Ffont-10.pngR2i1612R3R8R5R14R6tgoR0y39:assets%2Fgraphics%2F1x%2Fsprite-7-0.pngR2i477R3R8R5R15R6tgoR0y39:assets%2Fgraphics%2F1x%2Fsprite-7-1.pngR2i511R3R8R5R16R6tgoR0y39:assets%2Fgraphics%2F1x%2Fsprite-7-2.pngR2i206R3R8R5R17R6tgoR0y38:assets%2Fgraphics%2F1x%2Ftileset-5.pngR2i6770R3R8R5R18R6tgoR0y36:assets%2Fgraphics%2F2x%2Ffont-10.fntR2i10794R3R4R5R19R6tgoR0y36:assets%2Fgraphics%2F2x%2Ffont-10.pngR2i4913R3R8R5R20R6tgoR0y39:assets%2Fgraphics%2F2x%2Fsprite-7-0.pngR2i4686R3R8R5R21R6tgoR0y39:assets%2Fgraphics%2F2x%2Fsprite-7-1.pngR2i5699R3R8R5R22R6tgoR0y39:assets%2Fgraphics%2F2x%2Fsprite-7-2.pngR2i2570R3R8R5R23R6tgoR0y38:assets%2Fgraphics%2F2x%2Ftileset-5.pngR2i79956R3R8R5R24R6tgoR0y36:assets%2Fgraphics%2F3x%2Ffont-10.fntR2i10905R3R4R5R25R6tgoR0y36:assets%2Fgraphics%2F3x%2Ffont-10.pngR2i8375R3R8R5R26R6tgoR0y39:assets%2Fgraphics%2F3x%2Fsprite-7-0.pngR2i10442R3R8R5R27R6tgoR0y39:assets%2Fgraphics%2F3x%2Fsprite-7-1.pngR2i11928R3R8R5R28R6tgoR0y39:assets%2Fgraphics%2F3x%2Fsprite-7-2.pngR2i4887R3R8R5R29R6tgoR0y38:assets%2Fgraphics%2F3x%2Ftileset-5.pngR2i146987R3R8R5R30R6tgoR0y36:assets%2Fgraphics%2F4x%2Ffont-10.fntR2i10995R3R4R5R31R6tgoR0y36:assets%2Fgraphics%2F4x%2Ffont-10.pngR2i12660R3R8R5R32R6tgoR0y39:assets%2Fgraphics%2F4x%2Fsprite-7-0.pngR2i22249R3R8R5R33R6tgoR0y39:assets%2Fgraphics%2F4x%2Fsprite-7-1.pngR2i24286R3R8R5R34R6tgoR0y39:assets%2Fgraphics%2F4x%2Fsprite-7-2.pngR2i8384R3R8R5R35R6tgoR0y38:assets%2Fgraphics%2F4x%2Ftileset-5.pngR2i274896R3R8R5R36R6tgoR0y36:assets%2Fgraphics%2Fdefault-font.fntR2i10791R3R4R5R37R6tgoR0y36:assets%2Fgraphics%2Fdefault-font.pngR2i1736R3R8R5R38R6tgoR2i1048867R3y5:MUSICR5y28:assets%2Fmusic%2Fsound-0.mp3y9:pathGroupaR40y28:assets%2Fmusic%2Fsound-0.ogghR6tgoR2i1420015R3R39R5y29:assets%2Fmusic%2Fsound-11.mp3R41aR43y29:assets%2Fmusic%2Fsound-11.ogghR6tgoR2i771808R3R39R5R42R41aR40R42hgoR2i812787R3R39R5R44R41aR43R44hgoR2i1131624R3y5:SOUNDR5y26:assets%2Fsfx%2Fsound-8.mp3R41aR46y26:assets%2Fsfx%2Fsound-8.ogghR6tgoR2i77740R3R45R5y26:assets%2Fsfx%2Fsound-9.mp3R41aR48y26:assets%2Fsfx%2Fsound-9.ogghR6tgoR2i864211R3R45R5R47R41aR46R47hgoR2i58042R3R45R5R49R41aR48R49hgoR0y29:assets%2Fdata%2Fbehaviors.mbsR2i5399R3y6:BINARYR5R50R6tgoR0y24:assets%2Fdata%2Fgame.mbsR2i1435R3R51R5R52R6tgoR0y34:assets%2Fdata%2Finner-joystick.pngR2i1002R3R8R5R53R6tgoR0y41:assets%2Fdata%2Finner-joystick%401.5x.pngR2i2011R3R8R5R54R6tgoR0y39:assets%2Fdata%2Finner-joystick%402x.pngR2i2281R3R8R5R55R6tgoR0y39:assets%2Fdata%2Finner-joystick%403x.pngR2i4539R3R8R5R56R6tgoR0y39:assets%2Fdata%2Finner-joystick%404x.pngR2i5346R3R8R5R57R6tgoR0y34:assets%2Fdata%2Fouter-joystick.pngR2i2194R3R8R5R58R6tgoR0y41:assets%2Fdata%2Fouter-joystick%401.5x.pngR2i4449R3R8R5R59R6tgoR0y39:assets%2Fdata%2Fouter-joystick%402x.pngR2i5120R3R8R5R60R6tgoR0y39:assets%2Fdata%2Fouter-joystick%403x.pngR2i10405R3R8R5R61R6tgoR0y39:assets%2Fdata%2Fouter-joystick%404x.pngR2i12189R3R8R5R62R6tgoR0y29:assets%2Fdata%2Fresources.mbsR2i11496R3R51R5R63R6tgoR0y27:assets%2Fdata%2Fscene-0.mbsR2i1358R3R51R5R64R6tgoR0y27:assets%2Fdata%2Fscene-0.scnR2i841R3R51R5R65R6tgoR0y27:assets%2Fdata%2Fscene-1.mbsR2i1430R3R51R5R66R6tgoR0y27:assets%2Fdata%2Fscene-1.scnR2i769R3R51R5R67R6tgoR0y27:assets%2Fdata%2Fscene-2.mbsR2i1058R3R51R5R68R6tgoR0y27:assets%2Fdata%2Fscene-2.scnR2i265R3R51R5R69R6tgoR0y27:assets%2Fdata%2Fscene-3.mbsR2i1869R3R51R5R70R6tgoR0y27:assets%2Fdata%2Fscene-3.scnR2i657R3R51R5R71R6tgoR0y27:assets%2Fdata%2Fscene-4.mbsR2i496R3R51R5R72R6tgoR0y27:assets%2Fdata%2Fscene-4.scnR2i53R3R51R5R73R6tgoR0y26:assets%2Fdata%2Fscenes.mbsR2i199R3R51R5R74R6tgh","rootPath":null,"version":2,"libraryArgs":[],"libraryType":null}